{
  "train_n": 35,
  "val_bert_n": 3,
  "val_gpt2_n": 0,
  "feature_names": [
    "intercept",
    "log2(M/16)",
    "log2(N/16)",
    "log2(K/16)",
    "log2(B)",
    "has_small_dim"
  ],
  "beta": [
    0.24684573566333315,
    0.027374445652965144,
    0.014903406263493665,
    0.029450840747067504,
    0.0174403170403179,
    0.002802071076284444
  ],
  "r2_train": 0.25643518624626405
}