{
  "BERT-base-S128-b1": {
    "Task Duration(us)": 2130.5659333333283,
    "aicore_time(us)": 650.5360666666659,
    "aic_mac_time(us)": 191.97826666667063,
    "aic_mte1_time(us)": 223.80580000000037,
    "aic_mte2_time(us)": 516.4433666666673,
    "aic_fixpipe_time(us)": 75.58990000000009,
    "aic_scalar_time(us)": 76.08283333333317,
    "aiv_time(us)": 918.0957000000004,
    "aiv_vec_time(us)": 76.60213333333263,
    "aiv_mte2_time(us)": 215.9519000000003,
    "aiv_mte3_time(us)": 85.18779999999992,
    "aiv_scalar_time(us)": 116.96276666666617,
    "n_ops_per_inf": 338.3333333333333,
    "loops": 30.0
  },
  "GPT-2-S512-b1": {
    "Task Duration(us)": 5672.733949999989,
    "aicore_time(us)": 1716.0473999999983,
    "aic_mac_time(us)": 747.2702000000002,
    "aic_mte1_time(us)": 548.2763000000007,
    "aic_mte2_time(us)": 1153.0705500000001,
    "aic_fixpipe_time(us)": 519.5916999999995,
    "aic_scalar_time(us)": 130.88224999999989,
    "aiv_time(us)": 3375.6097999999974,
    "aiv_vec_time(us)": 1224.1861500000036,
    "aiv_mte2_time(us)": 1078.5213999999996,
    "aiv_mte3_time(us)": 564.0908499999999,
    "aiv_scalar_time(us)": 412.35615000000035,
    "n_ops_per_inf": 321.25,
    "loops": 20.0
  },
  "Qwen3-prefill-S512-b4": {
    "Task Duration(us)": 287006.0561249998,
    "aicore_time(us)": 138280.5929999995,
    "aic_mac_time(us)": 89996.27300000006,
    "aic_mte1_time(us)": 71863.44462500018,
    "aic_mte2_time(us)": 124983.55387499956,
    "aic_fixpipe_time(us)": 49614.35000000015,
    "aic_scalar_time(us)": 10134.737374999937,
    "aiv_time(us)": 129457.99837499886,
    "aiv_vec_time(us)": 32741.95412500032,
    "aiv_mte2_time(us)": 70468.28399999804,
    "aiv_mte3_time(us)": 53481.734124998155,
    "aiv_scalar_time(us)": 7586.401999999828,
    "n_ops_per_inf": 9030.0,
    "loops": 8.0
  },
  "Qwen3-prefill-S512-b8": {
    "Task Duration(us)": 557040.833875008,
    "aicore_time(us)": 274909.662,
    "aic_mac_time(us)": 185684.2644999989,
    "aic_mte1_time(us)": 148978.12050000016,
    "aic_mte2_time(us)": 249165.7528749995,
    "aic_fixpipe_time(us)": 110896.4551250001,
    "aic_scalar_time(us)": 19570.488875000097,
    "aiv_time(us)": 244352.39237499848,
    "aiv_vec_time(us)": 64457.42974999461,
    "aiv_mte2_time(us)": 148896.83500000116,
    "aiv_mte3_time(us)": 117630.4102499993,
    "aiv_scalar_time(us)": 12419.625874999603,
    "n_ops_per_inf": 9030.0,
    "loops": 8.0
  },
  "Qwen3-prefill-S256-b1": {
    "Task Duration(us)": 66025.23830000182,
    "aicore_time(us)": 21639.03620000015,
    "aic_mac_time(us)": 10388.83859999994,
    "aic_mte1_time(us)": 9522.453900000099,
    "aic_mte2_time(us)": 18788.80470000004,
    "aic_fixpipe_time(us)": 4813.579699999972,
    "aic_scalar_time(us)": 2274.096500000013,
    "aiv_time(us)": 34057.56720000053,
    "aiv_vec_time(us)": 2478.9695000007914,
    "aiv_mte2_time(us)": 13282.281000000105,
    "aiv_mte3_time(us)": 6841.91279999984,
    "aiv_scalar_time(us)": 2317.069399999855,
    "n_ops_per_inf": 7224.0,
    "loops": 10.0
  },
  "Qwen3-prefill-S256-b4": {
    "Task Duration(us)": 124763.15599999826,
    "aicore_time(us)": 52526.328800000076,
    "aic_mac_time(us)": 35785.4015000006,
    "aic_mte1_time(us)": 28115.390300000105,
    "aic_mte2_time(us)": 47570.76169999996,
    "aic_fixpipe_time(us)": 18132.21440000002,
    "aic_scalar_time(us)": 4983.036400000005,
    "aiv_time(us)": 61866.28349999915,
    "aiv_vec_time(us)": 8690.02960000041,
    "aiv_mte2_time(us)": 31625.28850000017,
    "aiv_mte3_time(us)": 22636.46039999981,
    "aiv_scalar_time(us)": 3110.2390000000373,
    "n_ops_per_inf": 7224.0,
    "loops": 10.0
  },
  "Qwen3-prefill-S256-b8": {
    "Task Duration(us)": 203829.3547999952,
    "aicore_time(us)": 97460.22060000032,
    "aic_mac_time(us)": 73033.9769000011,
    "aic_mte1_time(us)": 58939.736399999776,
    "aic_mte2_time(us)": 89472.69509999997,
    "aic_fixpipe_time(us)": 36478.7003999999,
    "aic_scalar_time(us)": 8839.485000000006,
    "aiv_time(us)": 91358.4592000001,
    "aiv_vec_time(us)": 16695.161199999475,
    "aiv_mte2_time(us)": 52105.77909999948,
    "aiv_mte3_time(us)": 39536.33909999939,
    "aiv_scalar_time(us)": 3875.269700000133,
    "n_ops_per_inf": 7224.0,
    "loops": 10.0
  },
  "Qwen3-prefill-S4096-b1": {
    "Task Duration(us)": 2986165.54560002,
    "aicore_time(us)": 1331318.6467999965,
    "aic_mac_time(us)": 447562.4716000006,
    "aic_mte1_time(us)": 379871.1617999941,
    "aic_mte2_time(us)": 721671.4663999999,
    "aic_fixpipe_time(us)": 740253.057399999,
    "aic_scalar_time(us)": 46297.11659999998,
    "aiv_time(us)": 1583847.8257999981,
    "aiv_vec_time(us)": 460510.0735998972,
    "aiv_mte2_time(us)": 1159015.2906000027,
    "aiv_mte3_time(us)": 534741.5990000074,
    "aiv_scalar_time(us)": 57100.320399999546,
    "n_ops_per_inf": 14448.0,
    "loops": 5.0
  }
}