{
  "K0_us_per_kernel": 1.8557901133663446,
  "H_prefill_us": 13424.349999999999,
  "H_decode_us": 204.2,
  "v_model": "v5",
  "aic_amp_decode": 0.85,
  "nk_mult_decode": 4.7,
  "aiv_amp_floor": 0.5,
  "aiv_amp_decode": 1.5,
  "aiv_C_kernel_us": 16.0,
  "aiv_C_data_us": 3.0,
  "aiv_active_frac": 0.85,
  "aic_amp_alpha": 2.0,
  "aic_amp_max": 7.034179053165312,
  "aiv_amp_a0": -1.9870644905501282,
  "aiv_amp_a1": 1.9987941797629718,
  "aiv_amp_a2": 14.966340151661615,
  "aiv_amp_W_sat": 565.7506033420794,
  "nk_mult_base": 1.5860829816099313,
  "nk_mult_max": 5.786764492458767,
  "nk_W_sat": 1894.162043050743,
  "fit_summary": {
    "fitted_v5_params": {
      "aic_amp_alpha": 2.0,
      "aic_amp_max": 7.0342,
      "aiv_amp_a0": -1.9871,
      "aiv_amp_a1": 1.9988,
      "aiv_amp_a2": 14.9663,
      "aiv_amp_W_sat": 565.7506,
      "nk_mult_base": 1.5861,
      "nk_mult_max": 5.7868,
      "nk_W_sat": 1894.162
    },
    "train_mae_pct": 17.31,
    "train_max_pct": 42.91,
    "val_batch_mae_pct": 40.17,
    "val_batch_max_pct": 48.98,
    "val_size_mae_pct": 103.73,
    "val_size_max_pct": 232.14,
    "n_train": 6,
    "n_val_batch": 3,
    "n_val_size": 4
  }
}